event_id,token_entity_id,token_symbol,spot_symbol,futures_symbol_candidate,entry_time,event_time,had_binance_perp_at_entry,perp_listed_before_entry,perp_delisted_before_entry,perp_status_confidence,futures_ohlcv_available_around_entry,futures_ohlcv_symbol,futures_ohlcv_rows_around_entry,funding_available_around_entry,funding_cache_paths,open_interest_available_around_entry,open_interest_cache_paths,futures_delisting_announcement_state,futures_delisting_event_id,futures_delisting_publication_utc,futures_delisting_effective_utc,futures_cache_symbol_dirs_present,current_futures_exchangeinfo_snapshot_utc,current_futures_exchangeinfo_symbol_status,current_exchangeinfo_used_as_historical_proof,shortability_tier,shortability_blocker,feasibility_tier,low_liquidity_flag,extreme_first_hour_wick_gap,abnormal_candle_gap,quote_volume_24h_around_entry,gross_return,net_return_20bps,net_return_50bps,net_return_100bps,net_return_200bps,net_return_500bps,max_adverse_excursion,max_favorable_excursion,confidence_tier,scenario,final_outcome,manual_review_required
08d7f3a2766ef543,BETA,BETA,BETAUSDT,"BETAUSDT,BETABUSD",2023-10-04T08:59:59Z,2023-10-04T06:00:16Z,unknown,unknown,no,unknown,no,,0,no,,no,,no,,,,,2026-05-26T13:54:55Z,,no,unknown,missing_historical_perp_listing_or_borrow_data,medium,no,no,no,2391672.74419,0.0927431967469503,0.0907431967469502,0.0877431967469502,0.0827431967469503,0.0727431967469502,0.0427431967469502,0.1343924431086303,0.251253581661891,low_sensitivity,TAG_TO_DELISTING_TO_COLLAPSE,delisted_after_tag,no
63e51c3ccd2baf4b,BOND,BOND,BONDUSDT,"BONDUSDT,BONDBUSD",2023-10-04T08:59:59Z,2023-10-04T06:00:16Z,unknown,unknown,no,unknown,no,,0,no,,no,,weak_after_entry_announcement,0f8bc235be515960,2024-12-06T03:00:04Z,2024-12-16T09:00:00Z,,2026-05-26T13:54:55Z,BONDUSDT:SETTLING,no,unknown,only_later_futures_delisting_announcement_not_proof_at_entry,medium,no,no,no,1315841.04596,-0.1666666666666666,-0.1686666666666666,-0.1716666666666666,-0.1766666666666666,-0.1866666666666666,-0.2166666666666666,2.174976481655692,0.3287499999999999,low_sensitivity,DELISTING_ANNOUNCEMENT_PUMP_AND_DUMP,delisted_after_tag,no
368a3d7cdf4b4eeb,WTC,WTC,WTCUSDT,"WTCUSDT,WTCBUSD",2023-10-04T08:59:59Z,2023-10-04T06:00:16Z,unknown,unknown,no,unknown,no,,0,no,,no,,no,,,,,2026-05-26T13:54:55Z,,no,unknown,missing_historical_perp_listing_or_borrow_data,medium,no,no,no,2039044.7708,0.0130123617436563,0.0110123617436563,0.0080123617436562,0.0030123617436562,-0.0069876382563437,-0.0369876382563437,0.1066152858060371,0.1921898928024503,low_sensitivity,TAG_TO_DELISTING_TO_COLLAPSE,delisted_after_tag,no
e0c4360ac0bda986,ANT,ANT,ANTUSDT,"ANTUSDT,ANTBUSD",2024-01-04T09:59:59Z,2024-01-04T07:00:09Z,unknown,unknown,no,unknown,no,,0,no,,no,,weak_after_entry_announcement,195b10a094e47290,2024-03-25T04:40:12Z,2024-04-01T09:00:00Z,,2026-05-26T13:54:55Z,,no,unknown,only_later_futures_delisting_announcement_not_proof_at_entry,low,yes,no,no,942334.5031,-0.1666666666666666,-0.1686666666666666,-0.1716666666666666,-0.1766666666666666,-0.1866666666666666,-0.2166666666666666,0.2404749246854509,0.0340846619021439,low_sensitivity,TAG_TO_DELISTING_TO_COLLAPSE,delisted_after_tag,no
4a8314d988bfa109,FIRO,FIRO,FIROUSDT,"FIROUSDT,FIROBUSD",2024-01-04T09:59:59Z,2024-01-04T07:00:09Z,unknown,unknown,no,unknown,no,,0,no,,no,,no,,,,,2026-05-26T13:54:55Z,,no,unknown,missing_historical_perp_listing_or_borrow_data,medium,no,no,no,1901479.5536,0.1733080328905756,0.1713080328905755,0.1683080328905755,0.1633080328905755,0.1533080328905756,0.1233080328905755,0.0495956873315364,0.3250000000000002,low_sensitivity,TAG_TO_DELISTING_TO_COLLAPSE,delisted_after_tag,no
6349e349f6963185,KP3R,KP3R,KP3RUSDT,"KP3RUSDT,KP3RBUSD",2024-01-04T09:59:59Z,2024-01-04T07:00:09Z,unknown,unknown,no,unknown,no,,0,no,,no,,no,,,,,2026-05-26T13:54:55Z,,no,unknown,missing_historical_perp_listing_or_borrow_data,medium,no,no,no,7333723.448999999,0.2381759141606665,0.2361759141606665,0.2331759141606665,0.2281759141606665,0.2181759141606665,0.1881759141606664,0.0490307867730901,0.3283853377764314,low_sensitivity,TAG_TO_DELISTING_TO_COLLAPSE,delisted_after_tag,no
92ea1ce575290a09,MDX,MDX,MDXUSDT,"MDXUSDT,MDXBUSD",2024-01-04T09:59:59Z,2024-01-04T07:00:09Z,unknown,unknown,no,unknown,no,,0,no,,no,,no,,,,,2026-05-26T13:54:55Z,,no,unknown,missing_historical_perp_listing_or_borrow_data,medium,no,no,no,3864585.53235,0.1943986820428336,0.1923986820428335,0.1893986820428335,0.1843986820428335,0.1743986820428336,0.1443986820428335,0.0758620689655173,0.3157894736842104,low_sensitivity,DELISTING_ANNOUNCEMENT_PUMP_AND_DUMP,delisted_after_tag,yes
018313d3408ec969,MOB,MOB,MOBUSDT,"MOBUSDT,MOBBUSD",2024-01-04T09:59:59Z,2024-01-04T07:00:09Z,unknown,unknown,no,unknown,no,,0,no,,no,,no,,,,,2026-05-26T13:54:55Z,,no,unknown,missing_historical_perp_listing_or_borrow_data,medium,no,no,no,6154826.1387600005,0.4285714285714286,0.4265714285714286,0.4235714285714286,0.4185714285714286,0.4085714285714286,0.3785714285714286,0.108695652173913,0.7100371747211895,high,TAG_TO_DELISTING_TO_COLLAPSE,delisted_after_tag,no
0530e835539c12c2,ZEC,ZEC,ZECUSDT,"ZECUSDT,ZECBUSD",2024-01-04T09:59:59Z,2024-01-04T07:00:09Z,unknown,unknown,no,unknown,no,,0,no,,no,,no,,,,,2026-05-26T13:54:55Z,ZECUSDT:TRADING,no,unknown,missing_historical_perp_listing_or_borrow_data,medium,no,no,no,10389239.98992,0.1092475067996374,0.1072475067996374,0.1042475067996374,0.0992475067996374,0.0892475067996374,0.0592475067996374,0.0420923579893748,0.3227027027027027,high,TAG_REMOVED_AND_RECOVERED,tag_removed,no
b2f582e4f6f3e84c,ZEN,ZEN,ZENUSDT,"ZENUSDT,ZENBUSD",2024-01-04T09:59:59Z,2024-01-04T07:00:09Z,unknown,unknown,no,unknown,no,,0,no,,no,,no,,,,,2026-05-26T13:54:55Z,ZENUSDT:TRADING,no,unknown,missing_historical_perp_listing_or_borrow_data,medium,no,no,no,7462209.776,-0.1666666666666666,-0.1686666666666666,-0.1716666666666666,-0.1766666666666666,-0.1866666666666666,-0.2166666666666666,0.37890625,0.1566265060240963,high,TAG_REMOVED_AND_RECOVERED,tag_removed,no
daa09b139684a4a8,EPX,EPX,EPXUSDT,"EPXUSDT,EPXBUSD",2024-04-03T08:59:59Z,2024-04-03T06:00:16Z,unknown,unknown,no,unknown,no,,0,no,,no,,no,,,,,2026-05-26T13:54:55Z,,no,unknown,missing_historical_perp_listing_or_borrow_data,medium,no,no,no,8354107.7429581,0.4285714285714286,0.4265714285714286,0.4235714285714286,0.4185714285714286,0.4085714285714286,0.3785714285714286,0.0262350936967632,1.0269337016574585,low_sensitivity,DELISTING_ANNOUNCEMENT_PUMP_AND_DUMP,delisted_after_tag,no
bcbb33fb0a078dbd,UNFI,UNFI,UNFIUSDT,"UNFIUSDT,UNFIBUSD",2024-04-03T08:59:59Z,2024-04-03T06:00:16Z,unknown,unknown,no,unknown,no,,0,no,,no,,no,,,,,2026-05-26T13:54:55Z,UNFIUSDT:SETTLING,no,unknown,missing_historical_perp_listing_or_borrow_data,medium,no,no,no,30154142.1657,0.4285714285714288,0.4265714285714288,0.4235714285714288,0.4185714285714288,0.4085714285714288,0.3785714285714288,0.0007442691277166,1.675428116288331,high,DELISTING_ANNOUNCEMENT_PUMP_AND_DUMP,delisted_after_tag,no
c93ee5f086c41471,WAVES,WAVES,WAVESUSDT,"WAVESUSDT,WAVESBUSD",2024-04-03T08:59:59Z,2024-04-03T06:00:16Z,unknown,unknown,no,unknown,no,,0,no,,no,,no,,,,,2026-05-26T13:54:55Z,WAVESUSDT:SETTLING,no,unknown,missing_historical_perp_listing_or_borrow_data,medium,no,no,no,41771520.8074,0.4285714285714288,0.4265714285714288,0.4235714285714288,0.4185714285714288,0.4085714285714288,0.3785714285714288,0.0333825701624816,0.6658464566929132,high,TAG_TO_DELISTING_TO_COLLAPSE,delisted_after_tag,no
832b8eba4d6c1d29,WNXM,WNXM,WNXMUSDT,"WNXMUSDT,WNXMBUSD",2024-04-03T08:59:59Z,2024-04-03T06:00:16Z,unknown,unknown,no,unknown,no,,0,no,,no,,no,,,,,2026-05-26T13:54:55Z,,no,unknown,missing_historical_perp_listing_or_borrow_data,low,yes,no,no,749439.2992,0.0726757904672015,0.0706757904672015,0.0676757904672015,0.0626757904672015,0.0526757904672015,0.0226757904672015,0.1152661680598328,0.1940115566450708,high,TAG_TO_DELISTING_TO_COLLAPSE,delisted_after_tag,no
73bd41c12e1c9037,CTXC,CTXC,CTXCUSDT,"CTXCUSDT,CTXCBUSD",2024-07-01T09:59:59Z,2024-07-01T07:00:03Z,unknown,unknown,no,unknown,no,,0,no,,no,,no,,,,,2026-05-26T13:54:55Z,,no,unknown,missing_historical_perp_listing_or_borrow_data,medium,no,no,no,4962448.099400001,0.4285714285714286,0.4265714285714286,0.4235714285714286,0.4185714285714286,0.4085714285714286,0.3785714285714286,0.3933260393873086,0.6468468468468467,low_sensitivity,TAG_TO_DELISTING_TO_COLLAPSE,delisted_after_tag,no
e03ecc015ad077ba,CVP,CVP,CVPUSDT,"CVPUSDT,CVPBUSD",2024-07-01T09:59:59Z,2024-07-01T07:00:03Z,unknown,unknown,no,unknown,no,,0,no,,no,,no,,,,,2026-05-26T13:54:55Z,,no,unknown,missing_historical_perp_listing_or_borrow_data,medium,no,no,no,2853913.2497,0.4285714285714286,0.4265714285714286,0.4235714285714286,0.4185714285714286,0.4085714285714286,0.3785714285714286,1.5387673956262424,0.4445720850086156,low_sensitivity,TAG_TO_DELISTING_TO_COLLAPSE,delisted_after_tag,no
f516a957212c330b,CVX,CVX,CVXUSDT,"CVXUSDT,CVXBUSD",2024-07-01T09:59:59Z,2024-07-01T07:00:03Z,no,unknown,yes,medium,no,,0,no,,no,,delisted_before_entry,b4727509d43a6ca6,2024-05-06T05:00:17Z,2024-05-13T09:00:00Z,,2026-05-26T13:54:55Z,CVXUSDT:TRADING,no,low,perp_delisted_before_entry,medium,no,no,no,4540476.535294,0.4285714285714286,0.4265714285714286,0.4235714285714286,0.4185714285714286,0.4085714285714286,0.3785714285714286,0.1324960753532182,0.5861553784860558,high,TAG_REMOVED_AND_RECOVERED,tag_removed,no
c13b1dfe2436783d,DOCK,DOCK,DOCKUSDT,"DOCKUSDT,DOCKBUSD",2024-07-01T09:59:59Z,2024-07-01T07:00:03Z,unknown,unknown,no,unknown,no,,0,no,,no,,no,,,,,2026-05-26T13:54:55Z,,no,unknown,missing_historical_perp_listing_or_borrow_data,low,no,yes,no,8353916.68982,0.4285714285714286,0.4265714285714286,0.4235714285714286,0.4185714285714286,0.4085714285714286,0.3785714285714286,0.1148355058969585,3.307486631016043,low_sensitivity,DELISTING_ANNOUNCEMENT_PUMP_AND_DUMP,delisted_after_tag,no
c54abb522c3fe7f3,HARD,HARD,HARDUSDT,"HARDUSDT,HARDBUSD",2024-07-01T09:59:59Z,2024-07-01T07:00:03Z,unknown,unknown,no,unknown,no,,0,no,,no,,no,,,,,2026-05-26T13:54:55Z,,no,unknown,missing_historical_perp_listing_or_borrow_data,medium,no,no,no,2006313.109,0.4285714285714286,0.4265714285714286,0.4235714285714286,0.4185714285714286,0.4085714285714286,0.3785714285714286,0.3705722070844686,0.5841726618705034,low_sensitivity,TAG_TO_DELISTING_TO_COLLAPSE,delisted_after_tag,no
92f6841824deef01,IRIS,IRIS,IRISUSDT,"IRISUSDT,IRISBUSD",2024-07-01T09:59:59Z,2024-07-01T07:00:03Z,unknown,unknown,no,unknown,no,,0,no,,no,,no,,,,,2026-05-26T13:54:55Z,,no,unknown,missing_historical_perp_listing_or_borrow_data,medium,no,no,no,1499393.0125699998,0.4285714285714286,0.4265714285714286,0.4235714285714286,0.4185714285714286,0.4085714285714286,0.3785714285714286,0.284460505937016,0.6858137510879023,high,DELISTING_ANNOUNCEMENT_PUMP_AND_DUMP,delisted_after_tag,no
fb4cbaedb67a967c,MBL,MBL,MBLUSDT,"MBLUSDT,MBLBUSD",2024-07-01T09:59:59Z,2024-07-01T07:00:03Z,no,unknown,yes,medium,no,,0,no,,no,,delisted_before_entry,6e1e5743ccff7afa,2024-05-06T05:00:17Z,2024-05-13T09:00:00Z,,2026-05-26T13:54:55Z,,no,low,perp_delisted_before_entry,low,yes,no,no,835471.4836840001,0.4285714285714286,0.4265714285714286,0.4235714285714286,0.4185714285714286,0.4085714285714286,0.3785714285714286,0.3470163435955908,0.5476470588235296,high,TAG_REMOVED_AND_RECOVERED,tag_removed,no
167819d9a56f2560,POLS,POLS,POLSUSDT,"POLSUSDT,POLSBUSD",2024-07-01T09:59:59Z,2024-07-01T07:00:03Z,unknown,unknown,no,unknown,no,,0,no,,no,,no,,,,,2026-05-26T13:54:55Z,,no,unknown,missing_historical_perp_listing_or_borrow_data,medium,no,no,no,1099442.61576,0.4285714285714288,0.4265714285714288,0.4235714285714288,0.4185714285714288,0.4085714285714288,0.3785714285714288,0.0003712641544459,0.8954961294862771,high,TAG_TO_DELISTING_TO_COLLAPSE,delisted_after_tag,no
bf72bb1d09062290,SNT,SNT,SNTUSDT,"SNTUSDT,SNTBUSD",2024-07-01T09:59:59Z,2024-07-01T07:00:03Z,no,unknown,yes,medium,no,,0,no,,no,,delisted_before_entry,906a6a1c2331dbe4,2024-05-06T05:00:17Z,2024-05-13T09:00:00Z,,2026-05-26T13:54:55Z,SNTUSDT:SETTLING,no,low,perp_delisted_before_entry,low,yes,no,no,965347.5989,0.017063492063492,0.015063492063492,0.0120634920634919,0.0070634920634919,-0.002936507936508,-0.032936507936508,0.0702301989855638,0.3772165502418054,high,DELISTING_ANNOUNCEMENT_PUMP_AND_DUMP,delisted_after_tag,no
d40e87ef3d1ebf58,SUN,SUN,SUNUSDT,"SUNUSDT,SUNBUSD",2024-07-01T09:59:59Z,2024-07-01T07:00:03Z,unknown,unknown,no,unknown,no,,0,no,,no,,no,,,,,2026-05-26T13:54:55Z,SUNUSDT:TRADING,no,unknown,missing_historical_perp_listing_or_borrow_data,medium,no,no,no,2757466.645035,0.1145631067961165,0.1125631067961165,0.1095631067961165,0.1045631067961165,0.0945631067961165,0.0645631067961165,0.0278745644599303,0.1377601585728445,high,TAG_REMOVED_AND_RECOVERED,tag_removed,no
14c00596e0d38ffa,BLZ,BLZ,BLZUSDT,"BLZUSDT,BLZBUSD",2024-10-03T09:59:59Z,2024-10-03T07:00:05Z,unknown,unknown,no,unknown,no,,0,no,,no,,no,,,,,2026-05-26T13:54:55Z,BLZUSDT:SETTLING,no,unknown,missing_historical_perp_listing_or_borrow_data,medium,no,no,no,10170043.2276,-0.1666666666666665,-0.1686666666666665,-0.1716666666666665,-0.1766666666666665,-0.1866666666666664,-0.2166666666666665,0.2021452145214521,0.3046286329386438,high,TAG_TO_DELISTING_TO_COLLAPSE,delisted_after_tag,no
b4b89fcf3e2d9d8d,CLV,CLV,CLVUSDT,"CLVUSDT,CLVBUSD",2024-10-03T09:59:59Z,2024-10-03T07:00:05Z,unknown,unknown,no,unknown,no,,0,no,,no,,no,,,,,2026-05-26T13:54:55Z,,no,unknown,missing_historical_perp_listing_or_borrow_data,medium,no,no,no,3901211.114289,0.2245042492917845,0.2225042492917845,0.2195042492917845,0.2145042492917845,0.2045042492917845,0.1745042492917844,0.0506072874493928,0.2569974554707379,low_sensitivity,TAG_TO_DELISTING_TO_COLLAPSE,delisted_after_tag,no
0af050f2f61a9816,KEY,KEY,KEYUSDT,"KEYUSDT,KEYBUSD",2024-10-03T09:59:59Z,2024-10-03T07:00:05Z,unknown,unknown,no,unknown,no,,0,no,,no,,no,,,,,2026-05-26T13:54:55Z,KEYUSDT:SETTLING,no,unknown,missing_historical_perp_listing_or_borrow_data,medium,no,no,no,5332354.671599,-0.1666666666666666,-0.1686666666666666,-0.1716666666666666,-0.1766666666666666,-0.1866666666666666,-0.2166666666666666,0.3374130737134908,0.1596774193548387,low_sensitivity,TAG_TO_DELISTING_TO_COLLAPSE,delisted_after_tag,no
14c99625149e363a,PROS,PROS,PROSUSDT,"PROSUSDT,PROSBUSD",2024-10-03T09:59:59Z,2024-10-03T07:00:05Z,unknown,unknown,no,unknown,no,,0,no,,no,,no,,,,,2026-05-26T13:54:55Z,,no,unknown,missing_historical_perp_listing_or_borrow_data,medium,no,no,no,6059047.2951,-0.1666666666666667,-0.1686666666666667,-0.1716666666666667,-0.1766666666666667,-0.1866666666666667,-0.2166666666666667,1.3462137737612965,0.252537080405933,low_sensitivity,TAG_TO_DELISTING_TO_COLLAPSE,delisted_after_tag,no
b0e2fef6b72f5dbc,VITE,VITE,VITEUSDT,"VITEUSDT,VITEBUSD",2024-10-03T09:59:59Z,2024-10-03T07:00:05Z,unknown,unknown,no,unknown,no,,0,no,,no,,no,,,,,2026-05-26T13:54:55Z,,no,unknown,missing_historical_perp_listing_or_borrow_data,medium,no,no,no,5256239.206749,0.4285714285714286,0.4265714285714286,0.4235714285714286,0.4185714285714286,0.4085714285714286,0.3785714285714286,0.0781032078103207,0.4297108673978065,low_sensitivity,TAG_TO_DELISTING_TO_COLLAPSE,delisted_after_tag,no
c7d11f997d396961,STMX,STMX,STMXUSDT,"STMXUSDT,STMXBUSD",2025-01-02T11:59:59Z,2025-01-02T09:00:19Z,unknown,unknown,no,unknown,no,,0,no,,no,,no,,,,,2026-05-26T13:54:55Z,STMXUSDT:SETTLING,no,unknown,missing_historical_perp_listing_or_borrow_data,medium,no,no,no,6934076.963579,-0.1666666666666667,-0.1686666666666667,-0.1716666666666667,-0.1766666666666667,-0.1866666666666667,-0.2166666666666667,0.3642819101721994,0.1561986863711002,low_sensitivity,TAG_TO_DELISTING_TO_COLLAPSE,delisted_after_tag,no
db0cdaac498440e7,TROY,TROY,TROYUSDT,"TROYUSDT,TROYBUSD",2025-01-02T11:59:59Z,2025-01-02T09:00:19Z,unknown,unknown,no,unknown,no,,0,no,,no,,no,,,,,2026-05-26T13:54:55Z,TROYUSDT:SETTLING,no,unknown,missing_historical_perp_listing_or_borrow_data,low,no,no,yes,273752811.685976,0.4285714285714288,0.4265714285714288,0.4235714285714288,0.4185714285714288,0.4085714285714288,0.3785714285714288,0.0432889344262295,3.889167188478397,low_sensitivity,TAG_TO_DELISTING_TO_COLLAPSE,delisted_after_tag,no
064b0dde744232dc,ALPACA,ALPACA,ALPACAUSDT,"ALPACAUSDT,ALPACABUSD",2025-03-04T10:59:59Z,2025-03-04T08:01:22Z,unknown,unknown,no,unknown,no,,0,no,,no,,no,,,,,2026-05-26T13:54:55Z,ALPACAUSDT:SETTLING,no,unknown,missing_historical_perp_listing_or_borrow_data,medium,no,no,no,4449495.49713,0.4285714285714288,0.4265714285714288,0.4235714285714288,0.4185714285714288,0.4085714285714288,0.3785714285714288,0.1241997439180537,0.7511210762331839,low_sensitivity,DELISTING_ANNOUNCEMENT_PUMP_AND_DUMP,delisted_after_tag,no
c9bba63a0a1d11c1,AST,AST,ASTUSDT,"ASTUSDT,ASTBUSD",2025-03-04T10:59:59Z,2025-03-04T08:01:22Z,unknown,unknown,no,unknown,no,,0,no,,no,,no,,,,,2026-05-26T13:54:55Z,,no,unknown,missing_historical_perp_listing_or_borrow_data,medium,no,no,no,1269006.7684,-0.1666666666666666,-0.1686666666666666,-0.1716666666666666,-0.1766666666666666,-0.1866666666666666,-0.2166666666666666,0.2260692464358451,4.709302325581395,high,TAG_TO_DELISTING_TO_COLLAPSE,delisted_after_tag,no
27494810cfd7dda7,BURGER,BURGER,BURGERUSDT,"BURGERUSDT,BURGERBUSD",2025-03-04T10:59:59Z,2025-03-04T08:01:22Z,unknown,unknown,no,unknown,no,,0,no,,no,,no,,,,,2026-05-26T13:54:55Z,,no,unknown,missing_historical_perp_listing_or_borrow_data,medium,no,no,no,11193439.36027,0.4285714285714288,0.4265714285714288,0.4235714285714288,0.4185714285714288,0.4085714285714288,0.3785714285714288,0.1881743634009496,12.957831325301203,low_sensitivity,TAG_TO_DELISTING_TO_COLLAPSE,delisted_after_tag,no
0b0fef5c55d48f0f,NULS,NULS,NULSUSDT,"NULSUSDT,NULSBUSD",2025-03-04T10:59:59Z,2025-03-04T08:01:22Z,unknown,unknown,no,unknown,no,,0,no,,no,,no,,,,,2026-05-26T13:54:55Z,NULSUSDT:SETTLING,no,unknown,missing_historical_perp_listing_or_borrow_data,medium,no,no,no,4705832.572000001,0.4285714285714286,0.4265714285714286,0.4235714285714286,0.4185714285714286,0.4085714285714286,0.3785714285714286,0.0223623853211007,0.9706214689265538,low_sensitivity,TAG_TO_DELISTING_TO_COLLAPSE,delisted_after_tag,no
93a4361a2732433c,UFT,UFT,UFTUSDT,"UFTUSDT,UFTBUSD",2025-03-04T10:59:59Z,2025-03-04T08:01:22Z,unknown,unknown,no,unknown,no,,0,no,,no,,no,,,,,2026-05-26T13:54:55Z,,no,unknown,missing_historical_perp_listing_or_borrow_data,medium,no,no,no,1133134.4218,-0.1666666666666667,-0.1686666666666667,-0.1716666666666667,-0.1766666666666667,-0.1866666666666667,-0.2166666666666667,0.3902012248468942,1.0972477064220183,low_sensitivity,TAG_TO_DELISTING_TO_COLLAPSE,delisted_after_tag,no
c93a669847ebc63d,VIDT,VIDT,VIDTUSDT,"VIDTUSDT,VIDTBUSD",2025-03-04T10:59:59Z,2025-03-04T08:01:22Z,unknown,unknown,no,unknown,no,,0,no,,no,,no,,,,,2026-05-26T13:54:55Z,VIDTUSDT:SETTLING,no,unknown,missing_historical_perp_listing_or_borrow_data,medium,no,no,no,5775292.45763,0.4285714285714286,0.4265714285714286,0.4235714285714286,0.4185714285714286,0.4085714285714286,0.3785714285714286,1.0304606240713223,0.5761124121779857,low_sensitivity,DELISTING_ANNOUNCEMENT_PUMP_AND_DUMP,delisted_after_tag,no
afca87c30daaf7ba,ARDR,ARDR,ARDRUSDT,"ARDRUSDT,ARDRBUSD",2025-04-03T09:59:59Z,2025-04-03T07:00:36Z,unknown,unknown,no,unknown,no,,0,no,,no,,no,,,,,2026-05-26T13:54:55Z,,no,unknown,missing_historical_perp_listing_or_borrow_data,low,yes,no,no,989153.15894,-0.1666666666666666,-0.1686666666666666,-0.1716666666666666,-0.1766666666666666,-0.1866666666666666,-0.2166666666666666,3.273224043715847,0.1873479318734792,high,TEMPORARY_PANIC_THEN_RECOVERY,still_tagged,no
5af125cfd901bc4e,BSW,BSW,BSWUSDT,"BSWUSDT,BSWBUSD",2025-04-03T09:59:59Z,2025-04-03T07:00:36Z,unknown,unknown,no,unknown,no,,0,no,,no,,weak_after_entry_announcement,0043d0ffc2ef5b82,2025-09-10T10:14:43Z,2025-09-15T09:00:00Z,,2026-05-26T13:54:55Z,BSWUSDT:SETTLING,no,unknown,only_later_futures_delisting_announcement_not_proof_at_entry,low,no,no,yes,9579967.15673,-0.1666666666666666,-0.1686666666666666,-0.1716666666666666,-0.1766666666666666,-0.1866666666666666,-0.2166666666666666,2.674698795180723,0.5090909090909093,high,DELISTING_ANNOUNCEMENT_PUMP_AND_DUMP,delisted_after_tag,no
725932a8252a9eab,FLM,FLM,FLMUSDT,"FLMUSDT,FLMBUSD",2025-04-03T09:59:59Z,2025-04-03T07:00:36Z,unknown,unknown,no,unknown,no,,0,no,,no,,weak_after_entry_announcement,0a63c46a5b023b09,2025-11-18T04:01:13Z,2025-11-21T09:00:00Z,,2026-05-26T13:54:55Z,FLMUSDT:SETTLING,no,unknown,only_later_futures_delisting_announcement_not_proof_at_entry,medium,no,no,no,2622377.5361,-0.1666666666666666,-0.1686666666666666,-0.1716666666666666,-0.1766666666666666,-0.1866666666666666,-0.2166666666666666,2.0282485875706215,0.3014705882352941,high,TAG_TO_DELISTING_TO_COLLAPSE,delisted_after_tag,no
df810f78fc4e4193,LTO,LTO,LTOUSDT,"LTOUSDT,LTOBUSD",2025-04-03T09:59:59Z,2025-04-03T07:00:36Z,unknown,unknown,no,unknown,no,,0,no,,no,,no,,,,,2026-05-26T13:54:55Z,,no,unknown,missing_historical_perp_listing_or_borrow_data,low,no,no,yes,6546924.2177,-0.1666666666666666,-0.1686666666666666,-0.1716666666666666,-0.1766666666666666,-0.1866666666666666,-0.2166666666666666,1.105633802816901,0.2294372294372295,low_sensitivity,TAG_TO_DELISTING_TO_COLLAPSE,delisted_after_tag,no
adf7b79baadd3250,NKN,NKN,NKNUSDT,"NKNUSDT,NKNBUSD",2025-04-03T09:59:59Z,2025-04-03T07:00:36Z,unknown,unknown,no,unknown,no,,0,no,,no,,no,,,,,2026-05-26T13:54:55Z,NKNUSDT:SETTLING,no,unknown,missing_historical_perp_listing_or_borrow_data,low,no,no,yes,4065070.5169,-0.1666666666666666,-0.1686666666666666,-0.1716666666666666,-0.1766666666666666,-0.1866666666666666,-0.2166666666666666,1.4896265560165975,0.5062499999999999,high,TAG_TO_DELISTING_TO_COLLAPSE,delisted_after_tag,no
9793cd97d25ee40f,PERP,PERP,PERPUSDT,"PERPUSDT,PERPBUSD",2025-04-03T09:59:59Z,2025-04-03T07:00:36Z,unknown,unknown,no,unknown,no,,0,no,,no,,weak_after_entry_announcement,e777ed743077b4b9,2025-11-18T04:01:13Z,2025-11-21T09:00:00Z,,2026-05-26T13:54:55Z,PERPUSDT:SETTLING,no,unknown,only_later_futures_delisting_announcement_not_proof_at_entry,low,no,no,yes,4873179.262775,-0.1666666666666666,-0.1686666666666666,-0.1716666666666666,-0.1766666666666666,-0.1866666666666666,-0.2166666666666666,0.8025048169556839,0.2697247706422019,high,TAG_TO_DELISTING_TO_COLLAPSE,delisted_after_tag,no
d485d7796d3134c1,VIB,VIB,VIBUSDT,"VIBUSDT,VIBBUSD",2025-04-03T09:59:59Z,2025-04-03T07:00:36Z,unknown,unknown,no,unknown,no,,0,no,,no,,no,,,,,2026-05-26T13:54:55Z,,no,unknown,missing_historical_perp_listing_or_borrow_data,low,no,no,yes,2953935.23453,0.4285714285714286,0.4265714285714286,0.4235714285714286,0.4185714285714286,0.4085714285714286,0.3785714285714286,0.8364184244511406,11.905555555555557,low_sensitivity,TAG_TO_DELISTING_TO_COLLAPSE,delisted_after_tag,no
e0c3a1cadfeb9ad2,VOXEL,VOXEL,VOXELUSDT,"VOXELUSDT,VOXELBUSD",2025-04-03T09:59:59Z,2025-04-03T07:00:36Z,unknown,unknown,no,unknown,no,,0,no,,no,,weak_after_entry_announcement,1eb084a997ce11d4,2025-12-05T10:32:50Z,2025-12-10T09:00:00Z,,2026-05-26T13:54:55Z,VOXELUSDT:SETTLING,no,unknown,only_later_futures_delisting_announcement_not_proof_at_entry,low,no,yes,yes,7288321.93657,-0.1666666666666666,-0.1686666666666666,-0.1716666666666666,-0.1766666666666666,-0.1866666666666666,-0.2166666666666666,4.180232558139535,0.7114427860696517,high,TAG_TO_DELISTING_TO_COLLAPSE,delisted_after_tag,no
8025080a0cc8fac6,WING,WING,WINGUSDT,"WINGUSDT,WINGBUSD",2025-04-03T09:59:59Z,2025-04-03T07:00:36Z,unknown,unknown,no,unknown,no,,0,no,,no,,no,,,,,2026-05-26T13:54:55Z,,no,unknown,missing_historical_perp_listing_or_borrow_data,low,no,no,yes,5034229.48752,-0.1666666666666667,-0.1686666666666667,-0.1716666666666667,-0.1766666666666667,-0.1866666666666667,-0.2166666666666667,0.3027624309392265,5.219931271477664,high,TAG_TO_DELISTING_TO_COLLAPSE,delisted_after_tag,no
cdee2c69a544c7e6,ALPHA,ALPHA,ALPHAUSDT,"ALPHAUSDT,ALPHABUSD",2025-05-07T10:59:59Z,2025-05-07T08:00:33Z,unknown,unknown,no,unknown,no,,0,no,,no,,weak_after_entry_announcement,ea41d28824402b10,2025-09-17T08:45:27Z,2025-09-23T09:00:00Z,,2026-05-26T13:54:55Z,ALPHAUSDT:SETTLING,no,unknown,only_later_futures_delisting_announcement_not_proof_at_entry,medium,no,no,no,5805260.683800001,-0.1666666666666666,-0.1686666666666666,-0.1716666666666666,-0.1766666666666666,-0.1866666666666666,-0.2166666666666666,0.4407407407407406,0.1790393013100437,low_sensitivity,TAG_TO_DELISTING_TO_COLLAPSE,delisted_after_tag,no
2c99c44cb7fd8609,HIFI,HIFI,HIFIUSDT,"HIFIUSDT,HIFIBUSD",2025-05-07T10:59:59Z,2025-05-07T08:00:33Z,unknown,unknown,no,unknown,no,,0,no,,no,,weak_after_entry_announcement,e8c83c92fef9431b,2025-09-29T11:45:19Z,2025-10-03T09:00:00Z,,2026-05-26T13:54:55Z,HIFIUSDT:SETTLING,no,unknown,only_later_futures_delisting_announcement_not_proof_at_entry,medium,no,no,no,3991170.36344,-0.1666666666666667,-0.1686666666666667,-0.1716666666666667,-0.1766666666666667,-0.1866666666666667,-0.2166666666666667,0.2978808476609356,2.3797297297297297,low_sensitivity,DELISTING_ANNOUNCEMENT_PUMP_AND_DUMP,delisted_after_tag,no
3f5bbe904576db02,LEVER,LEVER,LEVERUSDT,"LEVERUSDT,LEVERBUSD",2025-05-07T10:59:59Z,2025-05-07T08:00:33Z,unknown,unknown,no,unknown,no,,0,no,,no,,weak_after_entry_announcement,4874c145cc531909,2025-08-29T11:00:12Z,2025-09-03T09:00:00Z,,2026-05-26T13:54:55Z,LEVERUSDT:SETTLING,no,unknown,only_later_futures_delisting_announcement_not_proof_at_entry,medium,no,no,no,16940963.921002,-0.1666666666666666,-0.1686666666666666,-0.1716666666666666,-0.1766666666666666,-0.1866666666666666,-0.2166666666666666,0.2127659574468086,0.4794188861985471,low_sensitivity,TAG_TO_DELISTING_TO_COLLAPSE,delisted_after_tag,no
18140f8172feb64b,MOVE,MOVE,MOVEUSDT,"MOVEUSDT,MOVEBUSD",2025-05-07T10:59:59Z,2025-05-07T08:00:33Z,unknown,unknown,no,unknown,no,,0,no,,no,,no,,,,,2026-05-26T13:54:55Z,MOVEUSDT:TRADING,no,unknown,missing_historical_perp_listing_or_borrow_data,medium,no,no,no,8617040.042879999,-0.1666666666666666,-0.1686666666666666,-0.1716666666666666,-0.1766666666666666,-0.1866666666666666,-0.2166666666666666,0.5852417302798982,0.2204968944099379,high,SLOW_BLEED_AFTER_TAG,still_tagged,no
a556e77327afcd24,PORTAL,PORTAL,PORTALUSDT,"PORTALUSDT,PORTALBUSD",2025-05-07T10:59:59Z,2025-05-07T08:00:33Z,unknown,unknown,no,unknown,no,,0,no,,no,,no,,,,,2026-05-26T13:54:55Z,PORTALUSDT:TRADING,no,unknown,missing_historical_perp_listing_or_borrow_data,medium,no,no,no,11111265.61446,-0.1666666666666665,-0.1686666666666665,-0.1716666666666665,-0.1766666666666665,-0.1866666666666664,-0.2166666666666665,0.5398373983739839,0.5147783251231528,high,TEMPORARY_PANIC_THEN_RECOVERY,still_tagged,no
95453d2e61ce0ed3,REI,REI,REIUSDT,"REIUSDT,REIBUSD",2025-05-07T10:59:59Z,2025-05-07T08:00:33Z,unknown,unknown,no,unknown,no,,0,no,,no,,weak_after_entry_announcement,914e374e00504059,2025-12-05T10:32:50Z,2025-12-10T09:00:00Z,,2026-05-26T13:54:55Z,REIUSDT:SETTLING,no,unknown,only_later_futures_delisting_announcement_not_proof_at_entry,low,no,yes,no,8842416.297396,0.0269413629160062,0.0249413629160062,0.0219413629160062,0.0169413629160062,0.0069413629160062,-0.0230586370839938,0.1779835390946502,0.2405871091257179,low_sensitivity,TAG_TO_DELISTING_TO_COLLAPSE,delisted_after_tag,no
a0ebf708da0a74fa,BIFI,BIFI,BIFIUSDT,"BIFIUSDT,BIFIBUSD",2025-06-05T07:59:59Z,2025-06-05T05:00:18Z,unknown,unknown,no,unknown,no,,0,no,,no,,no,,,,,2026-05-26T13:54:55Z,,no,unknown,missing_historical_perp_listing_or_borrow_data,medium,no,no,no,1238721.8786,0.0912672357189756,0.0892672357189756,0.0862672357189756,0.0812672357189756,0.0712672357189756,0.0412672357189756,0.1732851985559567,0.2954014029618081,low_sensitivity,TAG_TO_DELISTING_TO_COLLAPSE,delisted_after_tag,no
b61c4ff537847d96,FIS,FIS,FISUSDT,"FISUSDT,FISBUSD",2025-06-05T07:59:59Z,2025-06-05T05:00:18Z,unknown,unknown,no,unknown,no,,0,no,,no,,weak_after_entry_announcement,d50372d43fbff38f,2025-12-05T10:32:50Z,2025-12-10T09:00:00Z,,2026-05-26T13:54:55Z,FISUSDT:SETTLING,no,unknown,only_later_futures_delisting_announcement_not_proof_at_entry,medium,no,no,no,2544287.9809,0.4285714285714286,0.4265714285714286,0.4235714285714286,0.4185714285714286,0.4085714285714286,0.3785714285714286,0.0123171670515782,0.7601626016260159,high,TAG_TO_DELISTING_TO_COLLAPSE,delisted_after_tag,no
2a7c0c057f11d40d,KMD,KMD,KMDUSDT,"KMDUSDT,KMDBUSD",2025-06-05T07:59:59Z,2025-06-05T05:00:18Z,unknown,unknown,no,unknown,no,,0,no,,no,,no,,,,,2026-05-26T13:54:55Z,,no,unknown,missing_historical_perp_listing_or_borrow_data,medium,no,no,no,1793832.5261,-0.1666666666666666,-0.1686666666666666,-0.1716666666666666,-0.1766666666666666,-0.1866666666666666,-0.2166666666666666,0.2024539877300613,5.887323943661971,low_sensitivity,TAG_TO_DELISTING_TO_COLLAPSE,delisted_after_tag,no
75401db392ee79e3,SLF,SLF,SLFUSDT,"SLFUSDT,SLFBUSD",2025-07-07T05:59:59Z,2025-07-07T03:29:57Z,unknown,unknown,no,unknown,no,,0,no,,no,,no,,,,,2026-05-26T13:54:55Z,,no,unknown,missing_historical_perp_listing_or_borrow_data,medium,no,no,no,2769897.17065,-0.1666666666666666,-0.1686666666666666,-0.1716666666666666,-0.1766666666666666,-0.1866666666666666,-0.2166666666666666,0.7087087087087085,0.0829268292682927,high,TAG_TO_DELISTING_TO_COLLAPSE,delisted_after_tag,no
f1627838a2164868,WAN,WAN,WANUSDT,"WANUSDT,WANBUSD",2025-10-09T04:59:59Z,2025-10-09T02:29:52Z,unknown,unknown,no,unknown,no,,0,no,,no,,no,,,,,2026-05-26T13:54:55Z,,no,unknown,missing_historical_perp_listing_or_borrow_data,medium,no,no,no,1360659.0477,0.1466113416320884,0.1446113416320883,0.1416113416320883,0.1366113416320883,0.1266113416320884,0.0966113416320883,0.180940892641737,0.3816666666666668,low_sensitivity,TAG_TO_DELISTING_TO_COLLAPSE,delisted_after_tag,no
fc33d59d02e3d720,GHST,GHST,GHSTUSDT,"GHSTUSDT,GHSTBUSD",2025-12-01T06:59:59Z,2025-12-01T04:30:24Z,unknown,unknown,no,unknown,no,,0,no,,no,,no,,,,,2026-05-26T13:54:55Z,GHSTUSDT:SETTLING,no,unknown,missing_historical_perp_listing_or_borrow_data,medium,no,no,no,2304538.7795,-0.1666666666666665,-0.1686666666666665,-0.1716666666666665,-0.1766666666666665,-0.1866666666666664,-0.2166666666666665,0.3271889400921657,0.3562499999999999,high,TAG_TO_DELISTING_TO_COLLAPSE,delisted_after_tag,no
dccc644ea3175a5f,ACA,ACA,ACAUSDT,"ACAUSDT,ACABUSD",2026-01-02T12:59:59Z,2026-01-02T10:59:57Z,unknown,unknown,no,unknown,no,,0,no,,no,,no,,,,,2026-05-26T13:54:55Z,,no,unknown,missing_historical_perp_listing_or_borrow_data,low,no,yes,no,2103910.9218149995,0.4285714285714288,0.4265714285714288,0.4235714285714288,0.4185714285714288,0.4085714285714288,0.3785714285714288,0.0795454545454543,0.6923076923076925,high,TAG_TO_DELISTING_TO_COLLAPSE,delisted_after_tag,no
3aeb58a1f5337ceb,DATA,DATA,DATAUSDT,"DATAUSDT,DATABUSD",2026-01-02T12:59:59Z,2026-01-02T10:59:57Z,unknown,unknown,no,unknown,no,,0,no,,no,,no,,,,,2026-05-26T13:54:55Z,,no,unknown,missing_historical_perp_listing_or_borrow_data,low,no,yes,no,3053439.205454,-0.1666666666666667,-0.1686666666666667,-0.1716666666666667,-0.1766666666666667,-0.1866666666666667,-0.2166666666666667,0.3057324840764333,0.7706766917293233,high,TAG_TO_DELISTING_TO_COLLAPSE,delisted_after_tag,no
6a25698db0b92de7,FLOW,FLOW,FLOWUSDT,"FLOWUSDT,FLOWBUSD",2026-01-02T12:59:59Z,2026-01-02T10:59:57Z,unknown,unknown,no,unknown,no,,0,no,,no,,no,,,,,2026-05-26T13:54:55Z,FLOWUSDT:TRADING,no,unknown,missing_historical_perp_listing_or_borrow_data,medium,no,no,no,7294890.86434,-0.1666666666666667,-0.1686666666666667,-0.1716666666666667,-0.1766666666666667,-0.1866666666666667,-0.2166666666666667,0.3333333333333332,0.5285126396237507,high,TAG_REMOVED_BUT_NOT_RECOVERED,tag_removed,no
a69cfb015113f6cc,COS,COS,COSUSDT,"COSUSDT,COSBUSD",2026-03-06T10:59:59Z,2026-03-06T08:29:56Z,unknown,unknown,no,unknown,no,,0,no,,no,,no,,,,,2026-05-26T13:54:55Z,COSUSDT:TRADING,no,unknown,missing_historical_perp_listing_or_borrow_data,low,yes,no,no,601168.3071019,-0.1666666666666666,-0.1686666666666666,-0.1716666666666666,-0.1766666666666666,-0.1866666666666666,-0.2166666666666666,1.9354485776805253,0.1051995163240628,high,NO_CLEAR_REACTION,still_tagged,no
6cca4d0784f78049,DEGO,DEGO,DEGOUSDT,"DEGOUSDT,DEGOBUSD",2026-03-06T10:59:59Z,2026-03-06T08:29:56Z,unknown,unknown,no,unknown,no,,0,no,,no,,no,,,,,2026-05-26T13:54:55Z,DEGOUSDT:SETTLING,no,unknown,missing_historical_perp_listing_or_borrow_data,low,yes,no,no,1659155.67262,-0.1666666666666667,-0.1686666666666667,-0.1716666666666667,-0.1766666666666667,-0.1866666666666667,-0.2166666666666667,4.6299212598425195,0.0241935483870967,low_sensitivity,TAG_TO_DELISTING_TO_COLLAPSE,delisted_after_tag,no
9499c53655bc3991,FORTH,FORTH,FORTHUSDT,"FORTHUSDT,FORTHBUSD",2026-03-06T10:59:59Z,2026-03-06T08:29:56Z,unknown,unknown,no,unknown,no,,0,no,,no,,no,,,,,2026-05-26T13:54:55Z,FORTHUSDT:SETTLING,no,unknown,missing_historical_perp_listing_or_borrow_data,low,yes,no,no,495486.31939,0.4285714285714288,0.4265714285714288,0.4235714285714288,0.4185714285714288,0.4085714285714288,0.3785714285714288,0.1351351351351351,2.8506787330316743,low_sensitivity,TAG_TO_DELISTING_TO_COLLAPSE,delisted_after_tag,no
b9485d9081530016,HOOK,HOOK,HOOKUSDT,"HOOKUSDT,HOOKBUSD",2026-03-06T10:59:59Z,2026-03-06T08:29:56Z,unknown,unknown,no,unknown,no,,0,no,,no,,no,,,,,2026-05-26T13:54:55Z,HOOKUSDT:SETTLING,no,unknown,missing_historical_perp_listing_or_borrow_data,low,yes,no,no,935827.15044,-0.1666666666666666,-0.1686666666666666,-0.1716666666666666,-0.1766666666666666,-0.1866666666666666,-0.2166666666666666,0.2449999999999998,3.166666666666667,low_sensitivity,TAG_TO_DELISTING_TO_COLLAPSE,delisted_after_tag,no
5ee0d43cf83437cb,LRC,LRC,LRCUSDT,"LRCUSDT,LRCBUSD",2026-03-06T10:59:59Z,2026-03-06T08:29:56Z,unknown,unknown,no,unknown,no,,0,no,,no,,no,,,,,2026-05-26T13:54:55Z,LRCUSDT:SETTLING,no,unknown,missing_historical_perp_listing_or_borrow_data,low,yes,no,no,936012.57298,0.4285714285714286,0.4265714285714286,0.4235714285714286,0.4185714285714286,0.4085714285714286,0.3785714285714286,0.1039922730199613,0.6972677595628416,low_sensitivity,TAG_TO_DELISTING_TO_COLLAPSE,delisted_after_tag,no
89466c1eb51993df,MBOX,MBOX,MBOXUSDT,"MBOXUSDT,MBOXBUSD",2026-03-06T10:59:59Z,2026-03-06T08:29:56Z,unknown,unknown,no,unknown,no,,0,no,,no,,no,,,,,2026-05-26T13:54:55Z,MBOXUSDT:TRADING,no,unknown,missing_historical_perp_listing_or_borrow_data,low,yes,no,no,796399.60565,-0.1666666666666667,-0.1686666666666667,-0.1716666666666667,-0.1766666666666667,-0.1866666666666667,-0.2166666666666667,0.348314606741573,0.4471544715447153,high,TEMPORARY_PANIC_THEN_RECOVERY,still_tagged,no
f3b4f1d87991a6c5,OXT,OXT,OXTUSDT,"OXTUSDT,OXTBUSD",2026-03-06T10:59:59Z,2026-03-06T08:29:56Z,unknown,unknown,no,unknown,no,,0,no,,no,,no,,,,,2026-05-26T13:54:55Z,OXTUSDT:SETTLING,no,unknown,missing_historical_perp_listing_or_borrow_data,low,yes,no,no,276131.7624,-0.1666666666666666,-0.1686666666666666,-0.1716666666666666,-0.1766666666666666,-0.1866666666666666,-0.2166666666666666,0.4578313253012047,0.2028985507246377,low_sensitivity,TAG_TO_DELISTING_TO_COLLAPSE,delisted_after_tag,no
8fc0ed1fa5f76c22,WIF,WIF,WIFUSDT,"WIFUSDT,WIFBUSD",2026-03-06T10:59:59Z,2026-03-06T08:29:56Z,unknown,unknown,no,unknown,no,,0,no,,no,,no,,,,,2026-05-26T13:54:55Z,WIFUSDT:TRADING,no,unknown,missing_historical_perp_listing_or_borrow_data,medium,no,no,no,7065354.507549999,0.1250000000000002,0.1230000000000001,0.1200000000000001,0.1150000000000002,0.1050000000000001,0.0750000000000001,0.0202020202020201,0.2298136645962734,low_sensitivity,SLOW_BLEED_AFTER_TAG,still_tagged,no
1fc6e5215a5c6f00,A2Z,A2Z,A2ZUSDT,"A2ZUSDT,A2ZBUSD",2026-03-13T11:59:59Z,2026-03-13T09:00:23Z,unknown,unknown,no,unknown,no,,0,no,,no,,no,,,,,2026-05-26T13:54:55Z,A2ZUSDT:SETTLING,no,unknown,missing_historical_perp_listing_or_borrow_data,low,yes,no,no,689895.0348060001,0.4285714285714286,0.4265714285714286,0.4235714285714286,0.4185714285714286,0.4085714285714286,0.3785714285714286,1.1806930693069306,10.22222222222222,low_sensitivity,TAG_TO_DELISTING_TO_COLLAPSE,delisted_after_tag,no
e7ff807aa10c4697,FIO,FIO,FIOUSDT,"FIOUSDT,FIOBUSD",2026-03-13T11:59:59Z,2026-03-13T09:00:23Z,unknown,unknown,no,unknown,no,,0,no,,no,,no,,,,,2026-05-26T13:54:55Z,FIOUSDT:SETTLING,no,unknown,missing_historical_perp_listing_or_borrow_data,medium,no,no,no,1626173.23713,0.4285714285714286,0.4265714285714286,0.4235714285714286,0.4185714285714286,0.4085714285714286,0.3785714285714286,0.0240384615384616,1.0799999999999996,low_sensitivity,TAG_TO_DELISTING_TO_COLLAPSE,delisted_after_tag,no
d133553a8f6c79b6,NTRN,NTRN,NTRNUSDT,"NTRNUSDT,NTRNBUSD",2026-03-13T11:59:59Z,2026-03-13T09:00:23Z,unknown,unknown,no,unknown,no,,0,no,,no,,no,,,,,2026-05-26T13:54:55Z,NTRNUSDT:SETTLING,no,unknown,missing_historical_perp_listing_or_borrow_data,medium,no,no,no,2208930.8845200003,0.4285714285714286,0.4265714285714286,0.4235714285714286,0.4185714285714286,0.4085714285714286,0.3785714285714286,0.0865384615384614,7.0,low_sensitivity,TAG_TO_DELISTING_TO_COLLAPSE,delisted_after_tag,no
31663d580e98be67,QI,QI,QIUSDT,"QIUSDT,QIBUSD",2026-03-13T11:59:59Z,2026-03-13T09:00:23Z,unknown,unknown,no,unknown,no,,0,no,,no,,no,,,,,2026-05-26T13:54:55Z,,no,unknown,missing_historical_perp_listing_or_borrow_data,low,yes,no,no,403587.77064,0.2266666666666665,0.2246666666666665,0.2216666666666664,0.2166666666666664,0.2066666666666665,0.1766666666666664,0.0054347826086955,0.3629629629629629,high,SLOW_BLEED_AFTER_TAG,still_tagged,no
22c469b3db8740d8,FARM,FARM,FARMUSDT,"FARMUSDT,FARMBUSD",2026-04-14T04:59:59Z,2026-04-14T02:30:06Z,unknown,unknown,no,unknown,no,,0,no,,no,,no,,,,,2026-05-26T13:54:55Z,,no,unknown,missing_historical_perp_listing_or_borrow_data,low,yes,no,no,438842.13828,-0.1666666666666666,-0.1686666666666666,-0.1716666666666666,-0.1766666666666666,-0.1866666666666666,-0.2166666666666666,0.2195121951219512,0.3348837209302326,low_sensitivity,TAG_TO_DELISTING_TO_COLLAPSE,delisted_after_tag,no
8fa523c997c7d4f5,HIGH,HIGH,HIGHUSDT,"HIGHUSDT,HIGHBUSD",2026-04-14T04:59:59Z,2026-04-14T02:30:06Z,unknown,unknown,no,unknown,no,,0,no,,no,,no,,,,,2026-05-26T13:54:55Z,HIGHUSDT:TRADING,no,unknown,missing_historical_perp_listing_or_borrow_data,low,yes,no,no,1123079.919841,-0.1666666666666666,-0.1686666666666666,-0.1716666666666666,-0.1766666666666666,-0.1866666666666666,-0.2166666666666666,4.212389380530973,0.0560747663551401,high,NO_CLEAR_REACTION,still_tagged,no
d83b4d4e12311776,MLN,MLN,MLNUSDT,"MLNUSDT,MLNBUSD",2026-04-14T04:59:59Z,2026-04-14T02:30:06Z,unknown,unknown,no,unknown,no,,0,no,,no,,no,,,,,2026-05-26T13:54:55Z,MLNUSDT:SETTLING,no,unknown,missing_historical_perp_listing_or_borrow_data,low,yes,no,no,660320.91753,-0.1666666666666666,-0.1686666666666666,-0.1716666666666666,-0.1766666666666666,-0.1866666666666666,-0.2166666666666666,0.51,0.4423076923076923,low_sensitivity,DELISTING_ANNOUNCEMENT_PUMP_AND_DUMP,delisted_after_tag,no
b3172c363e7bc7a7,RESOLV,RESOLV,RESOLVUSDT,"RESOLVUSDT,RESOLVBUSD",2026-04-14T04:59:59Z,2026-04-14T02:30:06Z,unknown,unknown,no,unknown,no,,0,no,,no,,no,,,,,2026-05-26T13:54:55Z,RESOLVUSDT:TRADING,no,unknown,missing_historical_perp_listing_or_borrow_data,medium,no,no,no,2310343.29046,0.1147058823529412,0.1127058823529412,0.1097058823529412,0.1047058823529412,0.0947058823529412,0.0647058823529412,0.04221635883905,0.3933823529411766,high,IMMEDIATE_DUMP_AFTER_TAG,still_tagged,no
3635c4847266eeb7,SYS,SYS,SYSUSDT,"SYSUSDT,SYSBUSD",2026-04-14T04:59:59Z,2026-04-14T02:30:06Z,unknown,unknown,no,unknown,no,,0,no,,no,,no,,,,,2026-05-26T13:54:55Z,SYSUSDT:SETTLING,no,unknown,missing_historical_perp_listing_or_borrow_data,low,yes,no,no,784572.61687,-0.1666666666666666,-0.1686666666666666,-0.1716666666666666,-0.1766666666666666,-0.1866666666666666,-0.2166666666666666,0.3116328708644611,0.5385878489326765,low_sensitivity,TAG_TO_DELISTING_TO_COLLAPSE,delisted_after_tag,no
1713e6ad64f92db2,NFP,NFP,NFPUSDT,"NFPUSDT,NFPBUSD",2026-04-30T09:59:59Z,2026-04-30T07:00:05Z,unknown,unknown,no,unknown,no,,0,no,,no,,no,,,,,2026-05-26T13:54:55Z,NFPUSDT:TRADING,no,unknown,missing_historical_perp_listing_or_borrow_data,medium,no,no,no,3518087.29695,-0.1666666666666666,-0.1686666666666666,-0.1716666666666666,-0.1766666666666666,-0.1866666666666666,-0.2166666666666666,0.7670886075949368,0.2216494845360823,high,NO_CLEAR_REACTION,still_tagged,no
5b4814473eb320a9,NOM,NOM,NOMUSDT,"NOMUSDT,NOMBUSD",2026-04-30T09:59:59Z,2026-04-30T07:00:05Z,unknown,unknown,no,unknown,no,,0,no,,no,,no,,,,,2026-05-26T13:54:55Z,NOMUSDT:TRADING,no,unknown,missing_historical_perp_listing_or_borrow_data,medium,no,no,no,2893749.36493,0.3365384615384617,0.3345384615384617,0.3315384615384616,0.3265384615384616,0.3165384615384616,0.2865384615384617,0.0107913669064747,0.3830845771144278,high,NO_CLEAR_REACTION,still_tagged,no
35a9e6faaa5862b7,POND,POND,PONDUSDT,"PONDUSDT,PONDBUSD",2026-04-30T09:59:59Z,2026-04-30T07:00:05Z,unknown,unknown,no,unknown,no,,0,no,,no,,no,,,,,2026-05-26T13:54:55Z,,no,unknown,missing_historical_perp_listing_or_borrow_data,low,yes,no,no,383719.18363,-0.1666666666666666,-0.1686666666666666,-0.1716666666666666,-0.1766666666666666,-0.1866666666666666,-0.2166666666666666,0.6634615384615385,0.5407407407407405,high,NO_CLEAR_REACTION,still_tagged,no
88394d4087b17e7e,QUICK,QUICK,QUICKUSDT,"QUICKUSDT,QUICKBUSD",2026-04-30T09:59:59Z,2026-04-30T07:00:05Z,no,unknown,yes,medium,no,,0,no,,no,,delisted_before_entry,c16ddcff06adc710,2025-11-24T13:45:11Z,2025-11-28T09:00:00Z,,2026-05-26T13:54:55Z,QUICKUSDT:SETTLING,no,low,perp_delisted_before_entry,low,yes,no,no,422251.96782,-0.1666666666666666,-0.1686666666666666,-0.1716666666666666,-0.1766666666666666,-0.1866666666666666,-0.2166666666666666,0.2921108742004266,0.3248587570621468,high,NO_CLEAR_REACTION,still_tagged,no
4a1694681090a940,ALCX,ALCX,ALCXUSDT,"ALCXUSDT,ALCXBUSD",2026-05-22T10:59:59Z,2026-05-22T08:00:04Z,unknown,unknown,no,unknown,no,,0,no,,no,,no,,,,,2026-05-26T13:54:55Z,,no,unknown,missing_historical_perp_listing_or_borrow_data,low,yes,no,no,701664.231518,0.0731707317073173,0.0711707317073173,0.0681707317073173,0.0631707317073173,0.0531707317073173,0.0231707317073173,0.0772727272727271,0.0731707317073173,high,TEMPORARY_PANIC_THEN_RECOVERY,still_tagged,no
a5602175aafd748b,COOKIE,COOKIE,COOKIEUSDT,"COOKIEUSDT,COOKIEBUSD",2026-05-22T10:59:59Z,2026-05-22T08:00:04Z,unknown,unknown,no,unknown,no,,0,no,,no,,no,,,,,2026-05-26T13:54:55Z,COOKIEUSDT:TRADING,no,unknown,missing_historical_perp_listing_or_borrow_data,medium,no,no,no,1991303.2012,0.2222222222222223,0.2202222222222223,0.2172222222222223,0.2122222222222222,0.2022222222222223,0.1722222222222222,0.0129870129870128,0.2222222222222223,low_sensitivity,NO_CLEAR_REACTION,still_tagged,no
e8c8ce18661ac872,DODO,DODO,DODOUSDT,"DODOUSDT,DODOBUSD",2026-05-22T10:59:59Z,2026-05-22T08:00:04Z,no,unknown,yes,medium,no,,0,no,,no,,delisted_before_entry,8a0ce052bc40a094,2023-08-03T09:30:03Z,2023-08-10T09:00:00Z,,2026-05-26T13:54:55Z,,no,low,perp_delisted_before_entry,medium,no,no,no,2254107.403554,0.0499445061043284,0.0479445061043284,0.0449445061043284,0.0399445061043284,0.0299445061043284,-5.5493895671603066e-05,0.0824524312896406,0.1543624161073826,high,IMMEDIATE_DUMP_AFTER_TAG,still_tagged,no
c518920624770484,EPIC,EPIC,EPICUSDT,"EPICUSDT,EPICBUSD",2026-05-22T10:59:59Z,2026-05-22T08:00:04Z,unknown,unknown,no,unknown,no,,0,no,,no,,no,,,,,2026-05-26T13:54:55Z,EPICUSDT:TRADING,no,unknown,missing_historical_perp_listing_or_borrow_data,medium,no,no,no,2402247.018,0.2407407407407409,0.2387407407407409,0.2357407407407409,0.2307407407407408,0.2207407407407409,0.1907407407407408,0.0149253731343284,0.2641509433962266,low_sensitivity,IMMEDIATE_DUMP_AFTER_TAG,still_tagged,no
ee200e0e804f9834,HEI,HEI,HEIUSDT,"HEIUSDT,HEIBUSD",2026-05-22T10:59:59Z,2026-05-22T08:00:04Z,unknown,unknown,no,unknown,no,,0,no,,no,,no,,,,,2026-05-26T13:54:55Z,HEIUSDT:TRADING,no,unknown,missing_historical_perp_listing_or_borrow_data,medium,no,no,no,3203884.4415,0.1503496503496502,0.1483496503496502,0.1453496503496502,0.1403496503496502,0.1303496503496502,0.1003496503496502,0.1109422492401215,0.1543859649122805,high,NO_CLEAR_REACTION,still_tagged,no
70cb64249d0273f1,HFT,HFT,HFTUSDT,"HFTUSDT,HFTBUSD",2026-05-22T10:59:59Z,2026-05-22T08:00:04Z,unknown,unknown,no,unknown,no,,0,no,,no,,no,,,,,2026-05-26T13:54:55Z,HFTUSDT:TRADING,no,unknown,missing_historical_perp_listing_or_borrow_data,low,yes,no,no,833351.56334,0.1376146788990826,0.1356146788990826,0.1326146788990826,0.1276146788990826,0.1176146788990826,0.0876146788990826,0.0241935483870967,0.1376146788990826,high,NO_CLEAR_REACTION,still_tagged,no
53093ab4bf09fee7,TLM,TLM,TLMUSDT,"TLMUSDT,TLMBUSD",2026-05-22T10:59:59Z,2026-05-22T08:00:04Z,unknown,unknown,no,unknown,no,,0,no,,no,,no,,,,,2026-05-26T13:54:55Z,TLMUSDT:TRADING,no,unknown,missing_historical_perp_listing_or_borrow_data,medium,no,no,no,1878240.901352,0.2358974358974359,0.2338974358974359,0.2308974358974359,0.2258974358974358,0.2158974358974359,0.1858974358974359,0.0071132187314759,0.2450184501845016,high,IMMEDIATE_DUMP_AFTER_TAG,still_tagged,no
