token_entity_id,token_symbol,anchor_event_id,signal_timestamp_utc,signal_type,signal_price,recent_low_price,stop_price,risk_pct,quote_volume_at_signal,volume_zscore_at_signal,bottom_liquidity_score,signal_liquidity_score,signal_confirmation_score,risk_management_score,execution_quality_score,data_quality_score,liquidity_score,confirmation_score,structure_score,risk_reward_score,source_quality_score,manual_review_penalty,signal_quality_score,final_tradeability_score,tradeability_tier,manual_review_required,notes
A2Z,A2Z,1fc6e5215a5c6f00,2026-03-21T07:00:00+00:00,SLOW_BLEED_SQUEEZE_BREAKOUT,0.000523,0.000464,0.00045472,-0.1305544933078394,96272.790833,2.4804972023295084,0.495,0.321,1.0,0.9,0.35,1.0,0.321,1.0,0.8,1.0,1.0,0.6,0.144,0.144,Manual Review,yes,causal_signal_after_confirmation;no_future_low_used
ACA,ACA,dccc644ea3175a5f,2026-01-14T16:00:00+00:00,SLOW_BLEED_SQUEEZE_BREAKOUT,0.0079,0.0071,0.006958,-0.1192405063291139,31042.07937,2.6694762863154446,0.361,0.103,0.8,0.9,0.35,1.0,0.103,0.8,0.8,0.177,1.0,0.6,0.0,0.0,Manual Review,yes,causal_signal_after_confirmation;no_future_low_used
ALPACA,ALPACA,064b0dde744232dc,2025-04-17T06:00:00+00:00,CAPITULATION_RECLAIM,0.0306,0.0278,0.0272439999999999,-0.1096732026143791,63436.33312,-0.1611598496657577,1.0,0.211,0.5,0.9,0.85,1.0,0.211,0.5,0.8,1.0,1.0,0.6,0.09,0.09,Manual Review,yes,causal_signal_after_confirmation;no_future_low_used
ALPACA,ALPACA,064b0dde744232dc,2025-03-11T14:00:00+00:00,SLOW_BLEED_SQUEEZE_BREAKOUT,0.0745,0.0551,0.053998,-0.2751946308724831,596548.28906,1.6988995039697243,1.0,1.0,0.8,0.65,0.85,1.0,1.0,0.8,0.45,0.216,1.0,0.0,0.742,0.742,C,no,causal_signal_after_confirmation;no_future_low_used
ARDR,ARDR,afca87c30daaf7ba,2025-04-15T09:00:00+00:00,HIGHER_LOW_BREAKOUT,0.08404,0.05402,0.0529395999999999,-0.370066634935745,1923968.12492,4.110852104355334,0.23,1.0,1.0,0.35,0.85,1.0,1.0,1.0,0.45,1.0,1.0,0.08,0.795,0.795,B,no,"low liquidity at bottom, but signal liquidity improved"
AST,AST,c9bba63a0a1d11c1,2025-03-16T10:00:00+00:00,CAPITULATION_RECLAIM,0.0444,0.0086,0.008428,-0.8101801801801802,41606.3069,0.6377143886691923,1.0,0.139,0.3,0.35,0.85,1.0,0.139,0.3,0.45,0.032,1.0,0.6,0.0,0.0,Manual Review,yes,causal_signal_after_confirmation;no_future_low_used
AST,AST,c9bba63a0a1d11c1,2025-03-13T08:00:00+00:00,SLOW_BLEED_SQUEEZE_BREAKOUT,0.0444,0.04,0.0392,-0.1171171171171171,93611.4183,3.974091664838514,1.0,0.312,0.8,0.9,0.35,1.0,0.312,0.8,0.8,0.224,1.0,0.6,0.0,0.0,Manual Review,yes,causal_signal_after_confirmation;no_future_low_used
ATA,ATA,c94c0613623769e6,2026-03-21T20:00:00+00:00,SLOW_BLEED_SQUEEZE_BREAKOUT,0.0106,0.0104,0.010192,-0.0384905660377359,3695.91,2.504649595968738,0.861,0.012,0.8,0.9,0.35,1.0,0.012,0.8,0.8,0.0,1.0,0.6,0.0,0.0,Manual Review,yes,causal_signal_after_confirmation;no_future_low_used
BAKE,BAKE,5c8137ecc69b6b61,2025-09-09T19:00:00+00:00,CAPITULATION_RECLAIM,0.041,0.033,0.03234,-0.2112195121951219,2047757.6733,4.492414537534067,1.0,1.0,0.8,0.9,0.85,1.0,1.0,0.8,0.8,1.0,1.0,0.0,0.923,0.923,A,no,causal_signal_after_confirmation;no_future_low_used
BAKE,BAKE,5c8137ecc69b6b61,2025-07-16T16:00:00+00:00,SLOW_BLEED_SQUEEZE_BREAKOUT,0.0915,0.0835,0.08183,-0.1056830601092896,287872.34131,2.5326373225426897,1.0,0.96,1.0,0.9,0.85,1.0,0.96,1.0,0.8,0.772,1.0,0.0,0.913,0.913,B,no,causal_signal_after_confirmation;no_future_low_used
BAL,BAL,f19444577bbd2958,2024-08-08T12:00:00+00:00,HIGHER_LOW_BREAKOUT,1.903,1.759,1.72382,-0.0941565948502365,49609.23767,0.8850978123701798,1.0,0.165,0.7,0.9,0.85,1.0,0.165,0.7,0.8,0.206,1.0,0.6,0.0,0.0,Manual Review,yes,causal_signal_after_confirmation;no_future_low_used
BIFI,BIFI,a0ebf708da0a74fa,2025-06-30T12:00:00+00:00,HIGHER_LOW_BREAKOUT,161.5,140.8,137.984,-0.1456099071207429,1217423.5988,4.116922872180197,0.137,1.0,0.8,0.9,0.85,1.0,1.0,0.8,0.2,0.432,1.0,0.08,0.741,0.741,Manual Review,yes,"low liquidity at bottom, but signal liquidity improved"
BLZ,BLZ,14c00596e0d38ffa,2024-12-23T13:00:00+00:00,CAPITULATION_RECLAIM,0.0544,0.0484,0.0474319999999999,-0.1280882352941177,389674.8596,0.1345616051921197,1.0,1.0,0.5,0.9,0.85,1.0,1.0,0.5,0.8,0.579,1.0,0.0,0.787,0.787,B,no,causal_signal_after_confirmation;no_future_low_used
BLZ,BLZ,14c00596e0d38ffa,2024-10-11T06:00:00+00:00,SLOW_BLEED_SQUEEZE_BREAKOUT,0.1157,0.1082,0.106036,-0.0835263612791702,150418.4859,2.071545918530438,1.0,0.501,1.0,0.9,0.85,1.0,0.501,1.0,0.8,0.476,1.0,0.0,0.759,0.759,C,no,causal_signal_after_confirmation;no_future_low_used
BSW,BSW,5af125cfd901bc4e,2025-04-19T09:00:00+00:00,HIGHER_LOW_BREAKOUT,0.0183,0.0142,0.013916,-0.2395628415300545,933337.68521,3.413598555359905,0.263,1.0,1.0,0.65,0.85,1.0,1.0,1.0,0.8,1.0,1.0,0.0,0.923,0.923,A,no,causal_signal_after_confirmation;no_future_low_used
BSW,BSW,5af125cfd901bc4e,2025-04-10T11:00:00+00:00,SLOW_BLEED_SQUEEZE_BREAKOUT,0.0146,0.0132,0.012936,-0.113972602739726,282463.74119,1.5358729972355387,0.263,0.942,0.8,0.9,0.35,1.0,0.942,0.8,0.8,0.561,1.0,0.0,0.761,0.761,B,no,causal_signal_after_confirmation;no_future_low_used
CLV,CLV,b4b89fcf3e2d9d8d,2024-11-09T20:00:00+00:00,HIGHER_LOW_BREAKOUT,0.02959,0.02737,0.0268226,-0.093524839472795,109796.89311,1.2534875540821342,0.484,0.366,0.7,0.9,0.85,1.0,0.366,0.7,0.8,1.0,1.0,0.0,0.764,0.764,B,no,causal_signal_after_confirmation;no_future_low_used
COMBO,COMBO,ddd8722fcd3a9596,2025-03-12T01:00:00+00:00,SLOW_BLEED_SQUEEZE_BREAKOUT,0.1573,0.0436,0.042728,-0.7283661792752701,166136.47157,3.054470310821704,1.0,0.554,0.6,0.35,0.85,1.0,0.554,0.6,0.45,0.055,1.0,0.0,0.527,0.527,C,no,causal_signal_after_confirmation;no_future_low_used
COOKIE,COOKIE,a5602175aafd748b,2026-05-29T11:00:00+00:00,SLOW_BLEED_SQUEEZE_BREAKOUT,0.0118,0.0114,0.011172,-0.0532203389830509,22176.98533,1.5550635851978662,0.468,0.074,1.0,0.9,0.35,1.0,0.074,1.0,0.8,1.0,1.0,0.6,0.089,0.089,Manual Review,yes,causal_signal_after_confirmation;no_future_low_used
COS,COS,a69cfb015113f6cc,2026-03-14T08:00:00+00:00,HIGHER_LOW_BREAKOUT,0.001639,0.000948,0.0009290399999999,-0.4331665649786456,2692062.85912,2.8284328539994017,0.087,1.0,1.0,0.35,0.85,1.0,1.0,1.0,0.45,0.49,1.0,0.08,0.703,0.703,C,no,"low liquidity at bottom, but signal liquidity improved"
CREAM,CREAM,c7f6923d690b160e,2025-04-15T16:00:00+00:00,SLOW_BLEED_SQUEEZE_BREAKOUT,1.31,0.99,0.9702,-0.2593893129770993,277183.92375,2.8744076041219984,0.747,0.924,0.6,0.65,0.85,1.0,0.924,0.6,0.45,0.922,1.0,0.0,0.812,0.812,B,no,causal_signal_after_confirmation;no_future_low_used
CTXC,CTXC,73bd41c12e1c9037,2024-07-09T13:00:00+00:00,HIGHER_LOW_BREAKOUT,0.1366,0.1185,0.11613,-0.1498535871156662,586511.4557,4.419231955235922,1.0,1.0,1.0,0.9,0.85,1.0,1.0,1.0,0.8,0.91,1.0,0.0,0.947,0.947,B,no,causal_signal_after_confirmation;no_future_low_used
CTXC,CTXC,73bd41c12e1c9037,2024-07-09T04:00:00+00:00,SLOW_BLEED_SQUEEZE_BREAKOUT,0.1291,0.1184,0.116032,-0.1012238574748256,142674.9396,2.1411235041142467,1.0,0.476,0.8,0.9,0.85,1.0,0.476,0.8,0.8,1.0,1.0,0.0,0.808,0.808,A,no,causal_signal_after_confirmation;no_future_low_used
DEGO,DEGO,6cca4d0784f78049,2026-03-13T11:00:00+00:00,SLOW_BLEED_SQUEEZE_BREAKOUT,0.951,0.555,0.5439,-0.4280757097791797,1534153.39256,2.9326205851258655,0.404,1.0,1.0,0.35,0.35,1.0,1.0,1.0,0.45,0.392,1.0,0.0,0.696,0.696,C,no,causal_signal_after_confirmation;no_future_low_used
DENT,DENT,61e888f9a9a6a36e,2025-12-09T15:00:00+00:00,SLOW_BLEED_SQUEEZE_BREAKOUT,0.000254,0.00023,0.0002254,-0.1125984251968503,46694.294023,1.525579897412238,0.102,0.156,0.8,0.9,0.35,1.0,0.156,0.8,0.8,0.035,1.0,0.35,0.144,0.144,Manual Review,yes,causal_signal_after_confirmation;no_future_low_used
EPIC,EPIC,c518920624770484,2026-06-01T05:00:00+00:00,HIGHER_LOW_BREAKOUT,0.277,0.229,0.22442,-0.1898194945848376,284460.5106,4.132890939387055,0.155,0.948,1.0,0.9,0.85,1.0,0.948,1.0,0.8,1.0,1.0,0.08,0.872,0.872,B,no,"low liquidity at bottom, but signal liquidity improved"
EPX,EPX,daa09b139684a4a8,2024-04-10T21:00:00+00:00,SLOW_BLEED_SQUEEZE_BREAKOUT,0.000269,0.0002523,0.000247254,-0.0808401486988845,266988.7536443,3.7910334354551543,0.769,0.89,0.8,0.9,0.35,1.0,0.89,0.8,0.8,0.178,1.0,0.0,0.681,0.681,C,no,causal_signal_after_confirmation;no_future_low_used
FIS,FIS,b61c4ff537847d96,2025-06-13T23:00:00+00:00,SLOW_BLEED_SQUEEZE_BREAKOUT,0.1047,0.0965,0.09457,-0.0967526265520535,78514.4093,2.4998303049037283,0.569,0.262,0.6,0.9,0.35,1.0,0.262,0.6,0.8,0.036,1.0,0.6,0.0,0.0,Manual Review,yes,causal_signal_after_confirmation;no_future_low_used
FLM,FLM,725932a8252a9eab,2025-04-25T05:00:00+00:00,HIGHER_LOW_BREAKOUT,0.0381,0.0179,0.017542,-0.5395800524934384,5997805.7669,3.801826162489708,0.339,1.0,0.8,0.35,0.85,1.0,1.0,0.8,0.45,0.251,1.0,0.0,0.7,0.7,C,no,causal_signal_after_confirmation;no_future_low_used
FLM,FLM,725932a8252a9eab,2025-04-13T17:00:00+00:00,SLOW_BLEED_SQUEEZE_BREAKOUT,0.0157,0.0153,0.0149939999999999,-0.044968152866242,80296.2096,3.363562490819336,0.339,0.268,0.8,0.9,0.35,1.0,0.268,0.8,0.8,1.0,1.0,0.6,0.092,0.092,Manual Review,yes,causal_signal_after_confirmation;no_future_low_used
FLOW,FLOW,6a25698db0b92de7,2026-04-04T01:00:00+00:00,CAPITULATION_RECLAIM,0.03085,0.02804,0.0274792,-0.1092641815235008,44471.582088,-0.0720157695495557,1.0,0.148,0.5,0.9,0.85,1.0,0.148,0.5,0.8,0.268,1.0,0.6,0.0,0.0,Manual Review,yes,causal_signal_after_confirmation;no_future_low_used
FLOW,FLOW,6a25698db0b92de7,2026-01-09T15:00:00+00:00,SLOW_BLEED_SQUEEZE_BREAKOUT,0.093,0.087,0.0852599999999999,-0.083225806451613,164028.02511,1.7423931117979046,1.0,0.547,0.8,0.9,0.35,1.0,0.547,0.8,0.8,0.086,1.0,0.0,0.589,0.589,C,no,causal_signal_after_confirmation;no_future_low_used
FOR,FOR,419b41fc1bb70d43,2024-04-10T08:00:00+00:00,SLOW_BLEED_SQUEEZE_BREAKOUT,0.02597,0.02515,0.024647,-0.0509433962264151,139800.39184,1.876788646142881,0.507,0.466,0.8,0.9,0.35,1.0,0.466,0.8,0.8,0.232,1.0,0.0,0.597,0.597,C,no,causal_signal_after_confirmation;no_future_low_used
FUN,FUN,24a0f7579654e736,2026-03-13T23:00:00+00:00,SLOW_BLEED_SQUEEZE_BREAKOUT,0.00138,0.001262,0.00123676,-0.1037971014492752,23538.791677,2.54291211502011,0.445,0.078,1.0,0.9,0.85,1.0,0.078,1.0,0.8,0.184,1.0,0.6,0.013,0.013,Manual Review,yes,causal_signal_after_confirmation;no_future_low_used
GHST,GHST,fc33d59d02e3d720,2026-02-06T10:00:00+00:00,CAPITULATION_RECLAIM,0.069,0.03,0.0294,-0.5739130434782609,118760.7681,1.7773185614778455,1.0,0.396,0.8,0.35,0.85,1.0,0.396,0.8,0.2,1.0,1.0,0.25,0.452,0.452,Manual Review,yes,causal_signal_after_confirmation;no_future_low_used
GHST,GHST,fc33d59d02e3d720,2026-02-10T10:00:00+00:00,HIGHER_LOW_BREAKOUT,0.137,0.075,0.0735,-0.4635036496350365,514149.6753,3.406993784859752,1.0,1.0,0.8,0.35,0.85,1.0,1.0,0.8,0.45,0.541,1.0,0.0,0.752,0.752,B,no,causal_signal_after_confirmation;no_future_low_used
GHST,GHST,fc33d59d02e3d720,2025-12-09T15:00:00+00:00,SLOW_BLEED_SQUEEZE_BREAKOUT,0.209,0.2,0.196,-0.0622009569377989,12888.1753,2.2494166150939585,1.0,0.043,1.0,0.9,0.35,1.0,0.043,1.0,0.8,0.103,1.0,0.6,0.0,0.0,Manual Review,yes,causal_signal_after_confirmation;no_future_low_used
GPS,GPS,5fa3fcfa690cf833,2025-04-23T22:00:00+00:00,HIGHER_LOW_BREAKOUT,0.0199,0.0166,0.016268,-0.1825125628140703,73051.09208,-0.3671258758665065,0.921,0.244,0.5,0.9,0.85,1.0,0.244,0.5,0.8,0.395,1.0,0.6,0.0,0.0,Manual Review,yes,causal_signal_after_confirmation;no_future_low_used
GPS,GPS,5fa3fcfa690cf833,2025-03-14T15:00:00+00:00,SLOW_BLEED_SQUEEZE_BREAKOUT,0.0351,0.0322,0.031556,-0.1009686609686609,876100.39491,3.1124219700345943,0.921,1.0,0.8,0.9,0.35,1.0,1.0,0.8,0.8,0.884,1.0,0.0,0.832,0.832,B,no,causal_signal_after_confirmation;no_future_low_used
HARD,HARD,c54abb522c3fe7f3,2024-08-25T12:00:00+00:00,HIGHER_LOW_BREAKOUT,0.1181,0.0829,0.081242,-0.3120914479254869,1699805.2646,4.420967310491724,1.0,1.0,1.0,0.65,0.85,1.0,1.0,1.0,0.45,0.595,1.0,0.0,0.85,0.85,B,no,causal_signal_after_confirmation;no_future_low_used
HIFI,HIFI,2c99c44cb7fd8609,2025-05-14T09:00:00+00:00,SLOW_BLEED_SQUEEZE_BREAKOUT,0.1333,0.1275,0.12495,-0.0626406601650412,503659.86542,2.236764355165905,0.867,1.0,0.8,0.9,0.35,1.0,1.0,0.8,0.8,0.188,1.0,0.0,0.707,0.707,C,no,causal_signal_after_confirmation;no_future_low_used
HOOK,HOOK,b9485d9081530016,2026-03-13T15:00:00+00:00,SLOW_BLEED_SQUEEZE_BREAKOUT,0.0214,0.0196,0.019208,-0.102429906542056,47470.35829,2.386339778274809,0.617,0.158,0.6,0.9,0.35,1.0,0.158,0.6,0.8,0.532,1.0,0.6,0.0,0.0,Manual Review,yes,causal_signal_after_confirmation;no_future_low_used
IRIS,IRIS,92f6841824deef01,2024-07-25T20:00:00+00:00,HIGHER_LOW_BREAKOUT,0.0207,0.01324,0.0129752,-0.3731787439613526,11149618.16611,4.5383163081332345,0.537,1.0,0.6,0.35,0.35,1.0,1.0,0.6,0.45,0.18,1.0,0.0,0.577,0.577,C,no,causal_signal_after_confirmation;no_future_low_used
KDA,KDA,28b99dfcb851026e,2025-11-05T05:00:00+00:00,SLOW_BLEED_SQUEEZE_BREAKOUT,0.0386,0.0302,0.029596,-0.2332642487046632,1015836.172662,1.7149004402865524,1.0,1.0,0.6,0.65,0.35,1.0,1.0,0.6,0.2,0.326,1.0,0.25,0.402,0.402,Manual Review,yes,causal_signal_after_confirmation;no_future_low_used
KEY,KEY,0af050f2f61a9816,2024-12-09T22:00:00+00:00,CAPITULATION_RECLAIM,0.001361,0.0009,0.000882,-0.351947097722263,335472.428274,1.6921486927716265,1.0,1.0,1.0,0.35,0.85,1.0,1.0,1.0,0.45,0.138,1.0,0.0,0.72,0.72,C,no,causal_signal_after_confirmation;no_future_low_used
KEY,KEY,0af050f2f61a9816,2024-10-15T11:00:00+00:00,SLOW_BLEED_SQUEEZE_BREAKOUT,0.004201,0.003557,0.00348586,-0.1702308974053796,11484386.039999,4.69421711912642,1.0,1.0,0.8,0.9,0.35,1.0,1.0,0.8,0.2,0.199,1.0,0.25,0.459,0.459,Manual Review,yes,causal_signal_after_confirmation;no_future_low_used
KMD,KMD,2a7c0c057f11d40d,2025-06-12T08:00:00+00:00,SLOW_BLEED_SQUEEZE_BREAKOUT,0.0999,0.094,0.09212,-0.0778778778778779,101062.9592,1.7302069335567845,0.7,0.337,0.6,0.9,0.35,1.0,0.337,0.6,0.8,0.004,1.0,0.0,0.488,0.488,C,no,causal_signal_after_confirmation;no_future_low_used
LTO,LTO,df810f78fc4e4193,2025-07-02T00:00:00+00:00,CAPITULATION_RECLAIM,0.0115,0.0104,0.010192,-0.1137391304347826,70633.0605,0.2539173276145896,1.0,0.235,0.5,0.9,0.35,1.0,0.235,0.5,0.8,0.408,1.0,0.6,0.0,0.0,Manual Review,yes,causal_signal_after_confirmation;no_future_low_used
LTO,LTO,df810f78fc4e4193,2025-04-12T13:00:00+00:00,SLOW_BLEED_SQUEEZE_BREAKOUT,0.0286,0.0268,0.026264,-0.0816783216783216,135191.4653,4.028241444841012,1.0,0.451,0.8,0.9,0.35,1.0,0.451,0.8,0.8,1.0,1.0,0.0,0.732,0.732,B,no,causal_signal_after_confirmation;no_future_low_used
MBL,MBL,fb4cbaedb67a967c,2024-07-09T19:00:00+00:00,HIGHER_LOW_BREAKOUT,0.0023,0.001942,0.0019031599999999,-0.1725391304347826,8915.087688,-0.8054028179731617,1.0,0.03,0.5,0.9,0.85,1.0,0.03,0.5,0.8,0.241,1.0,0.6,0.0,0.0,Manual Review,yes,causal_signal_after_confirmation;no_future_low_used
MDT,MDT,9f755b05acbad2ef,2025-06-15T00:00:00+00:00,SLOW_BLEED_SQUEEZE_BREAKOUT,0.01736,0.0159,0.015582,-0.1024193548387096,30554.409987,2.550021990566486,0.37,0.102,0.8,0.9,0.35,1.0,0.102,0.8,0.8,0.056,1.0,0.6,0.0,0.0,Manual Review,yes,causal_signal_after_confirmation;no_future_low_used
MOB,MOB,018313d3408ec969,2024-03-29T17:00:00+00:00,CAPITULATION_RECLAIM,0.0619,0.0512,0.050176,-0.1894022617124393,383806.11552,3.9369118319810688,1.0,1.0,1.0,0.9,0.85,1.0,1.0,1.0,0.8,1.0,1.0,0.0,0.963,0.963,A,no,causal_signal_after_confirmation;no_future_low_used
MOB,MOB,018313d3408ec969,2024-01-12T20:00:00+00:00,SLOW_BLEED_SQUEEZE_BREAKOUT,0.379,0.348,0.3410399999999999,-0.1001583113456465,192569.22888,2.154729320752603,1.0,0.642,0.6,0.9,0.35,1.0,0.642,0.6,0.8,0.035,1.0,0.0,0.561,0.561,C,no,causal_signal_after_confirmation;no_future_low_used
MOVE,MOVE,18140f8172feb64b,2025-07-21T09:00:00+00:00,HIGHER_LOW_BREAKOUT,0.1923,0.1572,0.154056,-0.1988767550702028,4009719.67909,4.634102133968047,1.0,1.0,0.8,0.9,0.35,1.0,1.0,0.8,0.8,0.089,1.0,0.0,0.689,0.689,C,no,causal_signal_after_confirmation;no_future_low_used
NKN,NKN,adf7b79baadd3250,2025-04-24T19:00:00+00:00,HIGHER_LOW_BREAKOUT,0.0397,0.0278,0.0272439999999999,-0.3137531486146097,4394748.6641,4.2564373023378925,0.231,1.0,0.8,0.65,0.85,1.0,1.0,0.8,0.45,0.203,1.0,0.08,0.66,0.66,C,no,"low liquidity at bottom, but signal liquidity improved"
NKN,NKN,adf7b79baadd3250,2025-04-13T20:00:00+00:00,SLOW_BLEED_SQUEEZE_BREAKOUT,0.018,0.0175,0.01715,-0.047222222222222,109116.4128,1.6251757171055206,0.231,0.364,0.6,0.9,0.35,1.0,0.364,0.6,0.8,1.0,1.0,0.08,0.593,0.593,B,no,"low liquidity at bottom, but signal liquidity improved"
NULS,NULS,0b0fef5c55d48f0f,2025-03-12T12:00:00+00:00,SLOW_BLEED_SQUEEZE_BREAKOUT,0.1354,0.1121,0.109858,-0.1886410635155095,81305.7396,2.7334258990454083,0.313,0.271,0.8,0.9,0.85,1.0,0.271,0.8,0.8,0.114,1.0,0.6,0.003,0.003,Manual Review,yes,causal_signal_after_confirmation;no_future_low_used
PDA,PDA,0cc30ba0df8ec322,2025-05-01T18:00:00+00:00,CAPITULATION_RECLAIM,0.01134,0.0071,0.006958,-0.3864197530864196,976003.784168,3.488811076118077,1.0,1.0,0.6,0.35,0.85,1.0,1.0,0.6,0.2,0.035,1.0,0.25,0.371,0.371,Manual Review,yes,causal_signal_after_confirmation;no_future_low_used
PDA,PDA,0cc30ba0df8ec322,2025-04-12T09:00:00+00:00,SLOW_BLEED_SQUEEZE_BREAKOUT,0.01006,0.00956,0.0093688,-0.0687077534791251,60428.634187,3.6219309319214266,1.0,0.201,0.6,0.9,0.35,1.0,0.201,0.6,0.8,1.0,1.0,0.6,0.037,0.037,Manual Review,yes,causal_signal_after_confirmation;no_future_low_used
POLS,POLS,167819d9a56f2560,2024-07-13T09:00:00+00:00,HIGHER_LOW_BREAKOUT,0.4403,0.3011,0.2950779999999999,-0.329825119236884,2546322.02359,2.153522500983106,1.0,1.0,0.8,0.65,0.85,1.0,1.0,0.8,0.45,0.066,1.0,0.0,0.715,0.715,C,no,causal_signal_after_confirmation;no_future_low_used
PORTAL,PORTAL,a556e77327afcd24,2025-07-02T03:00:00+00:00,HIGHER_LOW_BREAKOUT,0.0361,0.0281,0.027538,-0.237174515235457,2116860.85211,2.9683433777808186,1.0,1.0,0.8,0.65,0.85,1.0,1.0,0.8,0.2,0.37,1.0,0.25,0.52,0.52,Manual Review,yes,causal_signal_after_confirmation;no_future_low_used
PORTAL,PORTAL,a556e77327afcd24,2025-05-16T09:00:00+00:00,SLOW_BLEED_SQUEEZE_BREAKOUT,0.0617,0.0535,0.05243,-0.1502431118314424,547155.07752,3.771257041765394,1.0,1.0,0.8,0.9,0.35,1.0,1.0,0.8,0.8,1.0,1.0,0.0,0.853,0.853,A,no,causal_signal_after_confirmation;no_future_low_used
PYTH,PYTH,892c4aa7b773f859,2025-07-13T04:00:00+00:00,HIGHER_LOW_BREAKOUT,0.1231,0.1106,0.108388,-0.1195125913891145,1130045.18841,1.3816700107584634,0.353,1.0,0.5,0.9,0.85,1.0,1.0,0.5,0.8,0.442,1.0,0.0,0.763,0.763,C,no,causal_signal_after_confirmation;no_future_low_used
REI,REI,95453d2e61ce0ed3,2025-07-03T06:00:00+00:00,HIGHER_LOW_BREAKOUT,0.01613,0.01441,0.0141217999999999,-0.1245009299442033,25154.825124,0.1343023395034835,0.243,0.084,0.7,0.9,0.85,1.0,0.084,0.7,0.8,0.624,1.0,0.35,0.284,0.284,Manual Review,yes,causal_signal_after_confirmation;no_future_low_used
REN,REN,55c6f3a56b85b5ee,2024-11-30T08:00:00+00:00,HIGHER_LOW_BREAKOUT,0.0577,0.0377,0.036946,-0.3596880415944541,7167818.53251,0.4247257626845733,1.0,1.0,0.5,0.35,0.85,1.0,1.0,0.5,0.45,0.106,1.0,0.0,0.614,0.614,C,no,causal_signal_after_confirmation;no_future_low_used
SNT,SNT,bf72bb1d09062290,2024-08-08T21:00:00+00:00,HIGHER_LOW_BREAKOUT,0.02179,0.01951,0.0191198,-0.1225424506654428,32734.93677,-0.7047921269866912,1.0,0.109,0.7,0.9,0.85,1.0,0.109,0.7,0.8,0.127,1.0,0.6,0.0,0.0,Manual Review,yes,causal_signal_after_confirmation;no_future_low_used
STMX,STMX,c7d11f997d396961,2025-02-11T06:00:00+00:00,HIGHER_LOW_BREAKOUT,0.004785,0.004123,0.00404054,-0.1555820271682342,18966.579906,-0.4722197148714469,1.0,0.063,0.5,0.9,0.35,1.0,0.063,0.5,0.8,0.046,1.0,0.6,0.0,0.0,Manual Review,yes,causal_signal_after_confirmation;no_future_low_used
STPT,STPT,34739c73dc72f1d0,2025-04-23T12:00:00+00:00,HIGHER_LOW_BREAKOUT,0.05117,0.03726,0.0365148,-0.2864021887824898,1549593.812763,4.4046780932937,1.0,1.0,0.8,0.65,0.85,1.0,1.0,0.8,0.45,0.224,1.0,0.0,0.743,0.743,C,no,causal_signal_after_confirmation;no_future_low_used
STPT,STPT,34739c73dc72f1d0,2025-03-11T13:00:00+00:00,SLOW_BLEED_SQUEEZE_BREAKOUT,0.06086,0.05737,0.0562226,-0.0761978310877423,337766.417177,2.22055229513913,1.0,1.0,0.8,0.9,0.35,1.0,1.0,0.8,0.8,0.29,1.0,0.0,0.725,0.725,C,no,causal_signal_after_confirmation;no_future_low_used
SUN,SUN,d40e87ef3d1ebf58,2024-08-13T17:00:00+00:00,HIGHER_LOW_BREAKOUT,0.00909,0.00887,0.0086926,-0.0437183718371838,112992.58502,2.7390616219031263,1.0,0.377,0.8,0.9,0.85,1.0,0.377,0.8,0.8,1.0,1.0,0.0,0.786,0.786,B,no,causal_signal_after_confirmation;no_future_low_used
SXP,SXP,cf537e599c97af65,2025-12-08T16:00:00+00:00,SLOW_BLEED_SQUEEZE_BREAKOUT,0.0547,0.0536,0.052528,-0.039707495429616,51009.39521,1.542037311600635,0.371,0.17,1.0,0.9,0.85,1.0,0.17,1.0,0.8,1.0,1.0,0.6,0.18,0.18,Manual Review,yes,causal_signal_after_confirmation;no_future_low_used
SYS,SYS,3635c4847266eeb7,2026-04-24T09:00:00+00:00,SLOW_BLEED_SQUEEZE_BREAKOUT,0.00999,0.00961,0.0094178,-0.0572772772772772,10799.0984,2.5198195266497603,0.251,0.036,0.8,0.9,0.35,1.0,0.036,0.8,0.8,0.192,1.0,0.6,0.0,0.0,Manual Review,yes,causal_signal_after_confirmation;no_future_low_used
THE,THE,2992917afa584581,2025-07-14T04:00:00+00:00,HIGHER_LOW_BREAKOUT,0.3195,0.2678,0.2624439999999999,-0.1785790297339594,2494743.94831,4.472435976633919,0.392,1.0,1.0,0.9,0.85,1.0,1.0,1.0,0.8,1.0,1.0,0.0,0.963,0.963,A,no,causal_signal_after_confirmation;no_future_low_used
TROY,TROY,db0cdaac498440e7,2025-01-10T12:00:00+00:00,SLOW_BLEED_SQUEEZE_BREAKOUT,0.003408,0.003022,0.00296156,-0.1309976525821596,1857556.978721,3.3927700203628985,1.0,1.0,0.8,0.9,0.35,1.0,1.0,0.8,0.8,0.0,1.0,0.0,0.673,0.673,C,no,causal_signal_after_confirmation;no_future_low_used
UFT,UFT,93a4361a2732433c,2025-03-11T13:00:00+00:00,SLOW_BLEED_SQUEEZE_BREAKOUT,0.0949,0.0836,0.0819279999999999,-0.136691253951528,35081.936,1.7817447442557302,0.08,0.117,1.0,0.9,0.35,1.0,0.117,1.0,0.8,0.316,1.0,0.35,0.226,0.226,Manual Review,yes,causal_signal_after_confirmation;no_future_low_used
UNFI,UNFI,bcbb33fb0a078dbd,2024-04-13T21:00:00+00:00,CAPITULATION_RECLAIM,2.925,2.511,2.46078,-0.1587076923076922,1146914.9062,0.5165481241767538,1.0,1.0,0.7,0.9,0.85,1.0,1.0,0.7,0.8,0.84,1.0,0.0,0.874,0.874,B,no,causal_signal_after_confirmation;no_future_low_used
UNFI,UNFI,bcbb33fb0a078dbd,2024-04-18T15:00:00+00:00,HIGHER_LOW_BREAKOUT,3.689,2.993,2.93314,-0.2048956356736243,378778.0748,1.5206422972506115,1.0,1.0,0.8,0.9,0.85,1.0,1.0,0.8,0.8,0.198,1.0,0.0,0.779,0.779,C,no,causal_signal_after_confirmation;no_future_low_used
UNFI,UNFI,bcbb33fb0a078dbd,2024-04-12T15:00:00+00:00,SLOW_BLEED_SQUEEZE_BREAKOUT,4.78,4.739,4.64422,-0.0284058577405859,702918.5523,2.654881775371197,1.0,1.0,0.8,0.9,0.35,1.0,1.0,0.8,0.8,0.012,1.0,0.0,0.675,0.675,C,no,causal_signal_after_confirmation;no_future_low_used
VGX,VGX,ca86e505313d35f7,2024-08-19T09:00:00+00:00,SLOW_BLEED_SQUEEZE_BREAKOUT,0.0243,0.0214,0.0209719999999999,-0.1369547325102881,618865.55016,3.793857084376149,1.0,1.0,0.8,0.9,0.35,1.0,1.0,0.8,0.8,0.05,1.0,0.0,0.682,0.682,C,no,causal_signal_after_confirmation;no_future_low_used
VITE,VITE,b0e2fef6b72f5dbc,2024-10-12T16:00:00+00:00,SLOW_BLEED_SQUEEZE_BREAKOUT,0.01229,0.01148,0.0112504,-0.0845890968266883,157067.631811,2.371740868174784,0.497,0.524,0.8,0.9,0.35,1.0,0.524,0.8,0.8,0.625,1.0,0.0,0.681,0.681,B,no,causal_signal_after_confirmation;no_future_low_used
VOXEL,VOXEL,e0c3a1cadfeb9ad2,2025-04-13T02:00:00+00:00,SLOW_BLEED_SQUEEZE_BREAKOUT,0.027,0.0261,0.025578,-0.0526666666666666,50512.57834,1.8757481317803952,0.489,0.168,0.8,0.9,0.35,1.0,0.168,0.8,0.8,1.0,1.0,0.6,0.07,0.07,Manual Review,yes,causal_signal_after_confirmation;no_future_low_used
WAVES,WAVES,c93ee5f086c41471,2024-04-12T19:00:00+00:00,SLOW_BLEED_SQUEEZE_BREAKOUT,2.534,2.366,2.31868,-0.0849723756906076,2154958.20749,1.708180343305041,1.0,1.0,0.8,0.9,0.35,1.0,1.0,0.8,0.8,0.299,1.0,0.0,0.727,0.727,C,no,causal_signal_after_confirmation;no_future_low_used
XEM,XEM,a956d4f5da81e55f,2023-10-20T02:00:00+00:00,HIGHER_LOW_BREAKOUT,0.02614,0.02541,0.0249017999999999,-0.0473680183626626,17283.45672,0.0548897316243588,0.632,0.058,0.7,0.9,0.85,1.0,0.058,0.7,0.8,0.902,1.0,0.6,0.078,0.078,Manual Review,yes,causal_signal_after_confirmation;no_future_low_used
ZEN,ZEN,b2f582e4f6f3e84c,2024-01-19T18:00:00+00:00,HIGHER_LOW_BREAKOUT,8.32,7.86,7.7028,-0.0741826923076923,134025.3089,-0.0845907531640887,1.0,0.447,0.7,0.9,0.35,1.0,0.447,0.7,0.8,0.146,1.0,0.0,0.558,0.558,C,no,causal_signal_after_confirmation;no_future_low_used
